
{
  "SN": 409,
  "name": "methyloxirane",
  "CAS": "75-56-9",
  "Tc": 482.25,
  "Pc": 4920000,
  "Vc": 0.186,
  "Cc": 0.228,
  "Tb": 307.05,
  "Tm": 161.22,
  "TT": 161.22,
  "TP": 0.965624,
  "MW": 58.0791,
  "LVB": 0.0705481,
  "AF": 0.268304,
  "SP": 19050,
  "DM": 6.7E-30,
  "SH": -61100000.0,
  "IGHF": -93720000,
  "GEF": -25800000,
  "AS": 286700,
  "HFMP": 6531000,
  "HOC": -1790000000,
  "LiqDen": [105, 1.5769, 0.28598, 482.25, 0.29139, 0],
  "VP": [101, 83.693, -5715.8, -9.522, 0.00001033, 2],
  "LiqCp": [16, 78704, 274.26, 7.2963, 0.0088641, -0.0000023407],
  "HOV": [106, 52413050, 1.339985, -1.496096, 0.72766, -0.151947],
  "VapCp": [16, 42195, -578.73, 12.252, 0.00010777, -4.7082E-08],
  "ReidCp": [34.91747774761048, -1.4935581577635826e-02, 7.56101594841365e-04, -1.0894144551347726e-06, 4.896983427747592e-10],
  "LiqVis": [101, 20.905, 283.5, -5.5156, 0.000016261, 2],
  "VapVis": [102, 1.1059E-07, 0.81831, 109.91, -5863.4, 0],
  "LiqK": [16, 0.10066, 294.75, -5.9561, 0.019433, -0.000039547],
  "VapK": [102, 0.00022671, 0.95467, 579.31, 32798, 0],
  "Racketparam": 0.228,
  "UniquacR": 2.2663,
  "UniquacQ": 1.856,
  "ChaoSeadAF": 0.268304,
  "ChaoSeadSP": 19050,
  "ChaoSeadLV": 0.0705481
}
